title	year
「情報化社会に参画する態度」の扱い方について (1999)	1999
情報倫理教育を支援する社会的環境に関する考察 (1999)	1999
「情報」授業の実践 (1999)	1999
高等学校における情報教育の実施状況と新学習指導要領実施への課題－栃木県内高等学校実態調査報告－ (1999)	1999
公立高校における情報教育の現状と今後の課題－神奈川県立高校の事例から－ (1999)	1999
Windows95で動作するFull BASIC言語処理系の現状と課題 (1999)	1999
大学における情報教育の新展開 -経営・法学教育と高等学校新教科「情報」との関連付け- (1999)	1999
情報教育とメディアリテラシー (1999)	1999
高校情報教科「情報Ｃ」教科書の一貫性のある構成 (1999)	1999
試作教科書の役割と反響 (1999)	1999
Web 情報検索サービスの教育利用についての考察 -大学生の利用履歴の調査から (1999)	1999
高等学校情報教育におけるエンドユーザコンピューティングの資質育成 (1999)	1999
事例報告：慶應義塾湘南藤沢中・高等部4年の情報教育 (1999)	1999
プログラミング入門者のためのプログラミング言語「若葉」とその処理系 (1999)	1999
情報工学系大学院生による公立小学校での情報教育支援 (1999)	1999
パネル討論 情報教育の課題とその克服に向けて (1999)	1999
「情報倫理」を考える視点 (1999)	1999
教科「情報」と教員養成 (1999)	1999
学校ネットワークの構築・管理運用モデル (1999)	1999
教科「情報」と指導要領の解説 (1999)	1999
小学校教科授業におけるコンピュータの果たし得る役割 (1999)	1999
統計学におけるコンピュータ演習でのデータ駆動型教材の設計と実践について (1999)	1999
普通教科「情報」におけるWWW情報発信教育の位置付け (1999)	1999
情報教育におけるコミュニケーション (1999)	1999
高校新教科「情報」の指導法の提案 (1999)	1999
新教科「情報」と大学での情報教育 (1999)	1999
情報教育支援活動と教員養成 (1999)	1999
創造性開発指向アニメーション作成システムにおけるユーザ育成モデルの自動生成 (1999)	1999
リテラシーとしてのプログラミング (2000)	2000
イメージ的モデルよりも前に大切な教育法 (2000)	2000
教育観，学習観の転換とインターネット新時代 (2000)	2000
Web環境を意識した校内情報通信網におけるコミュニケーション能力資質の育成 (2000)	2000
問題解決の手順をデザインする第一歩は (2000)	2000
教科内容中心の情報教育から学習者中心の情報教育へ---学習指導のパラダイム転換--- (2000)	2000
ロボットを用いた初級プログラミング教育の試み (2000)	2000
教科「情報」の課題 (2000)	2000
試作教科書「情報」の検討 (2000)	2000
指導案:ネットワーク入門 (2000)	2000
大学と地元自治体連携による初等中等教育者向け情報教育公開講座開催の試み (2000)	2000
ペンを用いた一般教科向け授業支援システムとそのインタフェース評価 (2000)	2000
情報教育における「情報」の把握 (2000)	2000
学校教育用オブジェクト指向言語/環境の構想について (2000)	2000
コンピュータリテラシー教育における習熟度別クラス編成 (2000)	2000
教科「情報」における教科書の役割と教科書制度 (2000)	2000
情報教育は情報化されているか? (2000)	2000
情報リテラシ教育におけるCollaborationについて (2000)	2000
21世紀の我が国情報教育の課題--情報教育先進地域との比較 (2000)	2000
高校「情報」必修後の大学の「一般情報教育」の目的と内容の提言 (2000)	2000
情報教育と心的表象の関わり (2000)	2000
ホームページ作成授業におけるHTML文法チェッカーの役割 (2000)	2000
情報の科学的な理解を重視した情報教育手法の提案 (2000)	2000
学校と家庭・地域社会・自治体の協働学習支援ネットワークの構築と授業実践 (2001)	2001
自治体と民間の共同による、長野市マルチメディア教育利用共同研究の実践報告 (2001)	2001
小・中学校の情報教育に対するボランティアによるサポートシステムの構築について (2001)	2001
麹町学園女子中学校の情報教育の取り組みについて (2001)	2001
次世代の情報教育に向けて: 慶応義塾湘南藤沢中高等部での取り組み (2001)	2001
中学校における情報教育（東京学芸大学附属中学校での検討課題） (2001)	2001
分かる事業実現のための動画教材の開発と授業実践 (2001)	2001
講義改善支援のためのWebベース講義アンケートシステムの提案 (2001)	2001
専門学校・塾・家庭教師のコンピュータを用いた教育実践例 (2001)	2001
次々期の教育課程における教科『情報』の構成と教員養成についての提言 (2001)	2001
遠隔教育システムにおける活動記録の可視化による利用者支援機構 (2001)	2001
情報メディアと教育システム (2001)	2001
オブジェクト指向言語「ドリトル」を利用した情報教育について (2001)	2001
教育事業への低コスト・高可用性を目指した情報基盤システム (2001)	2001
教育事業への情報通信システムの効果検証の試み (2001)	2001
高校「情報」授業の支援システムの開発 (2001)	2001
ホームスクールも認められる社会へ (2001)	2001
メディア・リテラシーとしてのメディア概論 (2001)	2001
教育学部における「情報教育専攻」の設立と「情報」教員の養成 (2001)	2001
専門学校と大学における情報基礎教育の比較 (2001)	2001
WWWを用いた講義支援システムの開発 (2001)	2001
海浜体験学習を生かすためのマルチメディア総合学習教材の試作 (2001)	2001
個人学習支援のための英語教材作成の自動化 (2001)	2001
高等学校における新教科「情報」における情報メディア教育について (2001)	2001
情報倫理教育のためのWebベース教材の開発と活用 (2001)	2001
Webライクな校内情報通信網を活用した情報教育の評価と今後の課題 (2001)	2001
WebCTによる新しい学校教育スタイルの模索 (2001)	2001
テレビ会議システムを活用した看護系学科の遠隔授業 (2001)	2001
チーム・ティーチング・テレビ会議システム・ＷＷＷを利用した総合的な学習の時間の実践報告 (2001)	2001
コンピュータ活用による技術・技能の習得における知識獲得のための情報共有と今後の支援環境　～成人の職業訓練指導について～ (2001)	2001
仮想三次元空間での外国語教育を支援するTAロボットシステム (2001)	2001
教科「情報」における科学的理解のための数学―コンピュータゲームを活用した２進数の構造的理解― (2001)	2001
環境教育へのトライ：ＩＳＯ１４００１ (2001)	2001
お茶の水女子大学における情報科教育法の試み (2001)	2001
総合大学における教育用計算機システムの構成方法 (2001)	2001
EUC（End User Computing）・EUD（End User Developing）を目指した情報基礎教育カリキュラムの開発 (2001)	2001
ゲームプログラミングを題材としたプログラミング教育の試み (2001)	2001
VODを用いた情報基礎教育コンテンツの開発 (2001)	2001
静岡大学情報学部における「情報」科教員養成 (2001)	2001
児童全員が一人一台のパソコンを持つ小学校 (2001)	2001
情報倫理と情報科教育法における情報倫理分野の取扱 (2001)	2001
情報倫理を融合させた情報基礎教育の構造化 (2002)	2002
「作・文書」教育のための電子原稿用紙の仕様について (2002)	2002
教育用オブジェクト指向言語「ドリトル」による授業実施とその評価 (2002)	2002
ペア・プログラミングを応用した実習型授業の運営 (2002)	2002
目的に応じて抽象度が変更可能な計算機シミュレータECASを用いた教育とその評価 (2002)	2002
リスクマネジメントを活用した情報倫理の指導法について (2002)	2002
サイバー学習空間の構築と運用 (2002)	2002
富士ゼロックス「情報塾」の試み (2002)	2002
学校のIT化は学校のGLOBAL化 (2002)	2002
「情報科教育法」科目-手探りの1年目 (2002)	2002
分散知を重視した学習プロセス構築のための実践的研究 (2002)	2002
ITを用いた今後の教育 (2002)	2002
Web技術による出欠管理とファカルティディベロップメントのためのシステム構築について (2002)	2002
教員向けグループウェア導入に必要な導入前の組織文化変革 (2002)	2002
情報科教職学生が高校情報教育について考えたこと-学習指導要領、情報科の教育手法、免許制度、将来の予想とあるべき姿、等 (2002)	2002
教育実践報告:OSインストール演習および無線LAN利用 (2002)	2002
モデリングを中心にしたオブジェクト指向技術者養成カリキュラム (2002)	2002
次世代VRMLシステムアーキテクチャに関する研究開発についての経過報告 (2002)	2002
「物語」導入型教材コンテンツを用いたオブジェクト指向プログラミング教育の実践例 (2002)	2002
国際交流学習の支援者をつなぐコンピュータシステムの在り方 (2002)	2002
工学教育における国際協働学習アイアーンソーラークッカープロジェクトの試み (2002)	2002
高等学校における新教科「情報」の分析と高等専門学校における情報基礎教育 (2002)	2002
電子掲示板及び電子メールによる国際協働学習の取り組み (2002)	2002
ラジコンカーを用いた計算機の動作原理教育 (2002)	2002
画面を飛び出したオブジェクト: 自立型ロボットを活用した情報教育の提案 (2002)	2002
html言語実習支援WWW教材の作成と教育評価 (2002)	2002
高校数学教育での実践的ウェブ利用の試み (2002)	2002
モバイル情報通信機器の教育への応用例 (2002)	2002
セキュリティレベルに応じた校内情報コンセントシステムの構成方式と運用例 (2002)	2002
Artifact Centered Discourseを支援するオンライン・ソフトウェアの設計と開発 (2002)	2002
3教室合同遠隔授業の評価 (2002)	2002
学習素材コンテンツ集「情報機器と情報社会のしくみ」の開発 (2002)	2002
中等教育学校における「情報」のカリキュラムと授業実践 (2002)	2002
京都女子大学における情報教育環境の構築と運用 (2002)	2002
学習者別管理機能を備えた報告書提出システムの開発 (2002)	2002
情報工学系大学院生による総合的な学習の時間の支援実践報告 (2002)	2002
表計算ソフトおよびプログラミング言語の両方に対応した数値処理教材の制作 (2002)	2002
青春１８切符を活用した，調べ学習・体験学習 (2003)	2003
教育実習での経験・情報教員採用の現状・そこから見る今後の情報教育 (2003)	2003
情報倫理ビデオ教材の作成と評価 (2003)	2003
学生が作成した類似問題を利用するオンラインテスト機能の実装・評価 (2003)	2003
「情報」免許を取得しない学生も対象とした「情報科教育法」の実施 (2003)	2003
職業科、定時制・通信制高校における教科「情報」の導入を契機とする変化 (2003)	2003
情報教育における興味を持った生徒への学習環境の構築と高大連携の取り組み (2003)	2003
（仮称）x-file概念に基づく電子原稿用紙仕様の概念モデル (2003)	2003
情報教育におけるメディア・リテラシーの可能性 (2003)	2003
文系大学生のためのオブジェクト指向プログラミング教育実践 (2003)	2003
Web教材の操作履歴を用いた講義動画像の自動インデクシング (2003)	2003
もう一つのe-learning (2003)	2003
情報の科学的理解の教育：作文にみる学生の理解 (2003)	2003
端末を飛び出したオブジェクト: 分散プログラミングを活用した情報教育の提案 (2003)	2003
ベンチャービジネスを仮想体験するインターネットマネージメントゲームの開発 (2003)	2003
知識社会におけるディジタル情報リテラシー (2003)	2003
ＩＴ教育における成果物指向アプローチの試み (2003)	2003
知識とノウハウ蓄積システムを活用した映像情報の収集・編集・発信を学習するための教材制作 (2003)	2003
一般教育としてのツールを用いた３次元CGの教育実践 (2003)	2003
教師のための情報リテラシの検討 (2003)	2003
三重県の高等学校における情報教育の現状 (2003)	2003
科学教育と情報教育の融合的教材―WebGISに基づく空間情報eラーニングシステム― (2003)	2003
情報基礎教育における教科書の作成および評価 (2003)	2003
ＷＷＷにおける探求学習支援のためのオリエンテーションツール (2003)	2003
不登校生徒に対する指導，退学者抑止を目的とした全日制高等学校におけるe-learning導入に関する一考察 (2003)	2003
平成１４年度　高等学校　商業科の情報教育指導者養成のための実践訓練コースの開発と評価 (2003)	2003
SIEMを導入したプログラミング教育の実践効果 (2003)	2003
高校数学教育におけるe-LearningシステムTESTSの継続的実践と運用評価 (2003)	2003
携帯情報通信端末の活用による教室－屋外－社会教育施設のシームレスな学習環境の開発 (2003)	2003
プログラミング学習者へのメソッド記述支援情報の提供 (2003)	2003
情報科教育法の授業における遠隔教育実習の試み (2003)	2003
e ラーニングを取り入れた大学授業における学習離脱の予測の試み (2003)	2003
大学の授業改善とICT――大学教育に尾を引く「学校知」 (2003)	2003
課題演習型授業を支援するシステムの開発と情報科教育法での活用 (2003)	2003
中学生の思考過程の分析とプログラミング学習カリキュラムの改善 (2003)	2003
獨協大学における情報環境の現状と今後の情報教育 (2003)	2003
多数の端末上のアプリケーション操作の記録再生を行う教育支援システム (2004)	2004
Squeak eToyを用いた問題解決型情報科学教育カリキュラムの開発と評価 (2004)	2004
開かれた学校を目指したWebコミュニティ (2004)	2004
社会人対象情報教育におけるXOOPSの活用 (2004)	2004
学生が作成した問題を利用する協調学習型オンラインテストシステム (2004)	2004
プログラミングを利用したネットワーク学習の試み (2004)	2004
幼稚園における遊具としてのコンピュータ利用の試み (2004)	2004
IT教育向けデスクトップ管理ツール「MultiVNC」の実践報告 (2004)	2004
インターラクティブな遠隔授業を支援するツールの開発 (2004)	2004
オンライン情報セキュリティ教材の開発 (2004)	2004
観光情報を提供するためのモバイル端末を利用した協調学習支援に関する研究 (2004)	2004
タイピング教育の現状と和文タイピング練習環境の構築 (2004)	2004
高校教科「情報C」教科書比較検討報告 (2004)	2004
メタ認知アプローチ式情報モラル教育の授業づくり (2004)	2004
学生のモチベーションの向上を目指したプログラミング入門教育の実践 (2004)	2004
プログラミング教育におけるレビュー・修正過程を考慮したポートフォリオ管理システム (2004)	2004
情報倫理ビデオ教材の開発と教材評価 (2004)	2004
プログラムの自動採点を核とした学習支援システムの構築 (2004)	2004
「情報」入試の試行の報告 (2004)	2004
情報倫理ビデオ教材製作の取り組み (2004)	2004
一斉授業での利用を想定したソフトウェア操作説明を支援するツール (2004)	2004
私立大学における情報リテラシ教育に関する一考察 (2004)	2004
数学e ラーニングにおけるコミュニケーション支援機能の応用 (2004)	2004
An Application of Educational Programming Language 'Dolittle' in Teaching and Learning of Mathematics (2004)	2004
日誌機能つきタッチタイプWBTシステムの開発と運用 (2004)	2004
Teaching Programming to Non-CS Major Students: Experiments with Storymaking Approach (2004)	2004
入力支援機能を備えた初学者用プログラミング環境PEN (2004)	2004
KNOPPIXを用いた情報教育支援システムの構築と実践 (2004)	2004
教科書とオンラインテストを活用したセルフラーニング型授業の実践例 (2004)	2004
学生主体のプロジェクトベース・ソフトウエア開発実践教育 (2004)	2004
数式表示可能なe-ラーニングシステムの開発 (2004)	2004
KT法を改良したグループ演習における個人の成績評価方法の提案 (2004)	2004
「情報」科目における「図書館」(その2) (2004)	2004
語学教育素材作成を支援する多言語分析ツールの開発 (2004)	2004
対話的学習教材の作成支援環境について (2004)	2004
オブジェクトモデルを用いたe-ラーニング用数学教材の開発 (2004)	2004
情報生産者教育としてのライティング教育 (2004)	2004
遠隔授業における携帯電話の利用システムとその結果 (2004)	2004
多数の端末上のアプリケーション操作の記録再生を行う教育支援システム (2005)	2005
開かれた学校を目指したWebコミュニティ (2005)	2005
Squeak eToyを用いた問題解決型情報科学教育カリキュラムの開発と評価 (2005)	2005
学生が作成した問題を利用する協調学習型オンラインテストシステム (2005)	2005
社会人対象情報教育におけるXOOPSの活用 (2005)	2005
プログラミングを利用したネットワーク学習の試み (2005)	2005
IT教育向けデスクトップ管理ツール「MultiVNC」の実践報告 (2005)	2005
幼稚園における遊具としてのコンピュータ利用の試み (2005)	2005
インターラクティブな遠隔授業を支援するツールの開発 (2005)	2005
オンライン情報セキュリティ教材の開発 (2005)	2005
タイピング教育の現状と和文タイピング練習環境の構築 (2005)	2005
メタ認知アプローチ式情報モラル教育の授業づくり (2005)	2005
観光情報を提供するためのモバイル端末を利用した協調学習支援に関する研究 (2005)	2005
高校教科「情報C」教科書比較検討報告 (2005)	2005
学生のモチベーションの向上を目指したプログラミング入門教育の実践 (2005)	2005
プログラミング教育におけるレビュー・修正過程を考慮したポートフォリオ管理システム (2005)	2005
プログラムの自動採点を核とした学習支援システムの構築 (2005)	2005
情報倫理ビデオ教材の開発と教材評価 (2005)	2005
「情報」入試の試行の報告 (2005)	2005
情報倫理ビデオ教材製作の取り組み (2005)	2005
私立大学における情報リテラシ教育に関する一考察 (2005)	2005
数学e ラーニングにおけるコミュニケーション支援機能の応用 (2005)	2005
一斉授業での利用を想定したソフトウェア操作説明を支援するツール (2005)	2005
An Application of Educational Programming Language 'Dolittle' in Teaching and Learning of Mathematics (2005)	2005
日誌機能つきタッチタイプWBTシステムの開発と運用 (2005)	2005
Teaching Programming to Non-CS Major Students: Experiments with Storymaking Approach (2005)	2005
入力支援機能を備えた初学者用プログラミング環境PEN (2005)	2005
KNOPPIXを用いた情報教育支援システムの構築と実践 (2005)	2005
教科書とオンラインテストを活用したセルフラーニング型授業の実践例 (2005)	2005
数式表示可能なe-ラーニングシステムの開発 (2005)	2005
学生主体のプロジェクトベース・ソフトウエア開発実践教育 (2005)	2005
「情報」科目における「図書館」(その2) (2005)	2005
KT法を改良したグループ演習における個人の成績評価方法の提案 (2005)	2005
語学教育素材作成を支援する多言語分析ツールの開発 (2005)	2005
対話的学習教材の作成支援環境について (2005)	2005
オブジェクトモデルを用いたe-ラーニング用数学教材の開発 (2005)	2005
遠隔授業における携帯電話の利用システムとその結果 (2005)	2005
情報生産者教育としてのライティング教育 (2005)	2005
携帯電話を用いた講義資料閲覧システムの構築 (2006)	2006
大学の新入生を対象にしたPC操作のスキルチェックテスト (2006)	2006
Pair- Programming in Online Programming Learning Environment (2006)	2006
新入生が受けた入学以前の情報教育の推移と今後の計画 (2006)	2006
ソフトウェア開発実践教育のための開発進行支援システム (2006)	2006
知的財産教育を構築する－情報化時代のコミュニケーション－ (2006)	2006
プログラミングの初歩概念を学ぶための日本語プログラミング環境 (2006)	2006
プログラミング学習の他教科への波及効果 ～数学と考える力を対象とした調査と検証計画 (2006)	2006
コラボレイティブ・マネジメント型情報教育によるソフトウエア技術者の育成と評価方法の提案 (2006)	2006
リアルタイム配信型遠隔講義システムの開発と評価 (2006)	2006
教科「情報」履修者と未履修者のレディネス比較－情報倫理の知識と意識を中心に－ (2006)	2006
Efficient Programming Learning using Educational Robot for Under-achievement Students (2006)	2006
衛星授業中継の工夫 (2006)	2006
学生ボランティアによるITコーディネーター派遣事業－地域の情報教育推進支援－ (2006)	2006
モチベーションに着目したプログラミング入門教育 (2006)	2006
VBAを用いたプログラミング指導実践 (2006)	2006
プログラミング環境PEN - 描画とファイルI/O機能の実装 (2006)	2006
Extraction of Characteristics in IT Gifted Children (2006)	2006
他教科とも連携した情報科の取り組み (2006)	2006
PDAと手書き数式インターフェースを用いた実践授業について (2006)	2006
文字メタデータを利用した文字学習コースウェアの開発 (2006)	2006
PC画面動画キャプチャー教材を活用した一般情報教育としてのCG科目moodleコース作成 (2006)	2006
Simple Method for 3D Planar Navigation with a Touchpad (2006)	2006
グリッドコンピューティングを用いた問題解決能力の育成 (2006)	2006
民産官学協働ソフトウエア開発による大学低学年教育の試み－ソフト・イノベーションの視点から (2006)	2006
普通教科「情報」における作品制作実習(プログラミング，表計算ソフトウェアのデータベース機能，情報の収集・整理・分析・発信などに関する作品制作について) (2006)	2006
The Effectiveness of the Use of Educational Contents in Primary and Secondary Schools in Korea (2006)	2006
リンク機能を持つ映像教材の作成と学習者の操作への対応 (2006)	2006
Designing a Module to Provide Feedback Instantly on Syntax Errors for Novice Learners in Dolittle (2006)	2006
3軸自律制御ロボットを用いた制御の学習 (2006)	2006
学習管理システムCFIVEの継続的な開発と運用の評価 (2006)	2006
数学図形問題を対象とした作問学習支援システムの提案 (2006)	2006
初心者の自己主導学習でのプログラミング学習パターン－ドリトルを利用した迷路脱出プログラムを作成する実験授業－ (2006)	2006
ライティング教育におけるブログの活用 (2006)	2006
映像とアニメーションによるe-learningコンテンツ「PCマエストロ」 (2006)	2006
カメラの後ろから指示を出しても、カメラの前ではその通りにできない話　～情報倫理ビデオIIと放送大学での授業 (2006)	2006
インターネットで得られる生物情報の性質～モンシデムシを例にして～ (2006)	2006
初等・中等教育におけるマルチメディア活用学習支援システムの開発 (2006)	2006
高校教科「情報」の教育効果 (2006)	2006
プログラム自動採点システムF-Java～もっともっと演習を!～ (2006)	2006
Aroe - Webプログラミングの実習に適したWeb技術統合環境 (2006)	2006
高校専門教科「情報」の現状と課題 (2006)	2006
日韓の情報教育の比較－初中等情報教育に関して－ (2006)	2006
映像教材を活用して「情報A」を学ぶ －NHK高校講座での試み－ (2006)	2006
小学生の情報モラルに関する学習支援パッケージの構築 (2006)	2006
紙と電子デバイスを相補的に扱う教育の情報化システム (2006)	2006
デジタル教科書作成ツールの開発と市販教科書への応用 (2006)	2006
教科情報の過去と未来-教科書を中心として- (2006)	2006
視覚障害者が学ぶ音地図の開発 (2006)	2006
LEDディスプレイを用いた電脳キャラクタのデザインおよび高校生の教育効果(3) (2006)	2006
「情報」基礎学力確認テストの実施と結果の分析 (2006)	2006
教室に設備不要なネットワーク型講義自動録画システム (2006)	2006
地域資源情報活用を目指したナレッジマネジメントシステムの設計 (2006)	2006
Javaプログラミング教育e-learningコンテンツ閲覧状況と成績との相関関係に関する一考察 (2006)	2006
多重の制約を利用した英語教育用例提示 (2006)	2006
小学校におけるWebページの現状と課題 (2006)	2006
模擬情報システム構築による情報教育と実習環境開発 (2006)	2006
物理と教科「情報」におけるコンピュータ活用 (2006)	2006
ジャーナル論文の書き方講座 (2007)	2007
教科「情報」導入過渡期における入学時初期条件の変化 (2007)	2007
LEDディスプレイを用いた電脳キャラクタのデザインおよび高校生の教育効果(4) (2007)	2007
ミニソフトウェアを用いて行う新しい情報リテラシー教育教材 (2007)	2007
大学一般情報教育の新たな地平を拓く -情報の意味作用を基軸とした「情報学」への接近- (2007)	2007
中学校技術教育と高校情報教育の連結について，知的財産の視点から (2007)	2007
e-learningを利用した講義「情報とシステム」の教育方法について (2007)	2007
Moodleを活用したeラーニングの実践 -eラーニング・マネジメントの失敗から学ぶ- (2007)	2007
ベクトル・行列の表示可能なｅラーニングの実践に関する研究 (2007)	2007
動作実習教育のための遠隔指導システムの提案 (2007)	2007
情報の科学的な理解を深めるための学習設計 -小学校の総合的な学習の時間で行う情報教育- (2007)	2007
完全e-learning型講義におけるデータの解析と各コンテンツの改善・運用に関する提案 (2007)	2007
情報教育に著作権と産業財産権を統合した知的財産権学習を導入する試み (2007)	2007
学生ボランティアによる地域への情報教育推進支援 -求められる支援のあり方とは- (2007)	2007
異なる学習集団の学生が協調的に作問可能なe-Learningシステムの開発と評価 (2007)	2007
「情報リテラシー教育」にとっての課題 (2007)	2007
A Developing Curriculum for solving the digital divide in elementary & secondary schools (2007)	2007
情報教育と21世紀の教育 (2007)	2007
講義ノートのアクセスログを活用したSIEMの効果の分析 (2007)	2007
NPR(Non-Programming Resource)とプログラミングをつなぐ取り組み -ドリトルによるタートルアルゴリズム- (2007)	2007
アノテーションを活用した教材コンテンツ作成環境の構築 (2007)	2007
2足歩行ロボット教材の開発と教育での利用 (2007)	2007
専門職大学院で修士号を与えるための Project Based Learning の実施方法 (2007)	2007
教育支援システムSOLAR-CATSの静止画放送機能と授業への応用 (2007)	2007
教師教育における記号論の重要性 (2007)	2007
プロジェクト指向教育による学生の意識変化 (2007)	2007
「一般情報」プレースメントテストのための調査 (2007)	2007
コンピュータを使わない情報科学教育 -Computer Science Unplugged の翻訳と実践- (2007)	2007
商業検定試験に向けたOSS環境での学習実践 (2007)	2007
情報の授業で統計を扱う (2007)	2007
モデル化とシミュレーションのビジュアル化教材の開発 (2007)	2007
プログラミング教育における小テストの実践報告 (2007)	2007
工科系大学における授業計画を重視した教科教育法の実践 (2007)	2007
Subversionを用いた学習管理システムの構築とプログラミング初学者への適用 (2007)	2007
初中等情報教育に関する日韓資料の対訳(日本語訳あるいは韓国語訳)の展示 (2007)	2007
展開図学習用電子教材「TENKAI」を利用した授業効果の統計的検証 (2007)	2007
Anchor Garden: オブジェクト指向言語におけるデータ構造の基本を理解するためのワークベンチ (2008)	2008
高等学校「情報」における情報モラル教育の効果と課題 (2008)	2008
モデル化とシミュレーション用ソフトウエアの韓国語版の開発 (2008)	2008
実践的IT知識体系としてのOSS学習ガイダンス (2008)	2008
双方向性を有した講義支援システムにおけるコメント収集手法の提案 (2008)	2008
経験デザインを基盤にした問題発見型学習とその教材開発 (2008)	2008
モチベーションの向上を目指した教育の実践例 (2008)	2008
アジア圏におけるアンプラグドの取り組みと工夫 (2008)	2008
情報戦略（情報システムの最上流工程）の教育方法について (2008)	2008
高校情報BにおけるCSアンプラグドの活用 (2008)	2008
コンピュータサイエンスアンプラグドの分析とCSアンプラグドデザインパターンの提案 (2008)	2008
秋田大学教育文化学部における教科「情報」教員養成に関する意識についての研究 (2008)	2008
日本の情報教育の現状と将来に向けての活動 (2008)	2008
グループレビューにおいて学生間での問題の改善を促進するナビゲーション機能の開発と評価 (2008)	2008
プロジェクト指向教育のモデル化と評価の試み (2008)	2008
3次元地球儀ソフトウェアを用いた地理学習支援システムの設計と実現 (2008)	2008
良い情報表現のための一般原則 (2008)	2008
学校非公式サイトを活用した学校評価支援に関する提案 (2008)	2008
コンピュータサイエンスアンプラグドの小学生向け実践の取り組み (2008)	2008
工業高校におけるロボットによる組込みシステム学習支援環境の実践と一考察 (2008)	2008
大学低学年向けWebプログラミング授業におけるPBL導入の試み (2008)	2008
大学での利用を想定した指静脈認証による出席確認システム (2008)	2008
大学生もアンプラグドー洋書講読と模擬授業による授業実践 (2008)	2008
文科系大学における入学時の一般情報能力の年次比較と今後の一般情報教育 (2008)	2008
中学校技術・家庭科における計測制御プログラムモデル (2008)	2008
「音楽を利用したアルゴリズムの理解」の実践 (2008)	2008
障害者職業能力開発校における情報教育の取り組み (2008)	2008
ラーニングユニットを活用した教育改善方法の提案 (2008)	2008
遠隔教育によるK12プログラミング教育プロジェクトの運営・評価 (2008)	2008
大学における情報技術に関する能力認定試験の分析－古典的テスト理論による分析と項目反応理論の適用可能性－ (2008)	2008
学生による「パソコン先生」ボランティア-情報教育支援活動へ参加した大学生の意識調査- (2008)	2008
短期大学におけるGoogleを用いた情報検索演習 (2008)	2008
Javaプログラミング単位認定型e-Learning授業に関する一考察 (2008)	2008
情報デザイン分野における教育手法の事例研究 (2008)	2008
学生が作成した問題の出題パターンによる類似度算出手法の提案と評価 (2008)	2008
栄養教育・指導技法の改善 (2008)	2008
Project-Based Learning Applied by Expert Role Model: Squeak eToys Game Programming Course for Novices (2008)	2008
プログラミング教育への導入のための情報システム概念に基づくアンプラグドワークショップ (2008)	2008
PISA・DeSeCo型能力の獲得を目指した、「情報科」の教授方法に関する提案 (2009)	2009
An Effective Learning Mode in Mobile Learning (2009)	2009
デジタルペンの野外学習への応用 (2009)	2009
プログラミングのスキル階層に関する研究 (2009)	2009
高等学校における「情報」と新入生の情報能力 (2009)	2009
情報系学生を対象としたオブジェクト指向までのプログラミング入門教育の実践と課題 (2009)	2009
学生による「パソコン先生」ボランティアⅡ -授業づくりプロジェクトの試み- (2009)	2009
AO入試を活用した受験生の情報学に関する素質と特性の分析についての研究 (2009)	2009
外国人留学生を対象とした日本語字幕付き講義コンテンツの開発と開発したコンテンツによる遠隔講義の有効性 (2009)	2009
A Study of Logical Operation in Programming Education Based on Elementary Student's Scratch Programming Tasks (2009)	2009
e-Learning型講義における学習データの解析およびドロップアウト早期発見チェックシートの提案 (2009)	2009
中国での情報教育支援の工夫 (2009)	2009
大学における情報サーバシステム評価実験の実践と効果 (2009)	2009
PBLは教育にどのようなインパクトがあるのか (2009)	2009
Relationship of the Type of Cyber Class Management to Factors Affecting Learner Satisfaction (2009)	2009
インタラクティブなウェブ上での数式表示 (2009)	2009
大学院の学生を対象とした小規模なプロジェクト型学習 (2009)	2009
モチベーションの向上を目指したプログラミング入門教育 (2009)	2009
2つの「情報科教育法」教科書の制作体験から (2009)	2009
高校情報科における「モラル」と「情報倫理」の学習項目・順序と理解度 (2009)	2009
PukiWiki用ドロープログラムのプラグインの試作と教育への応用 (2009)	2009
情報共通科目のPBLを活用した研究入門期教育－社会人基礎力から研究過程の体験へ－ (2009)	2009
オープンソースソフトウェアを活用した実践的情報技術教育の試み (2009)	2009
Global PBL Feasibility Studyの実践と得られた知見 (2009)	2009
学習者の多様性に配慮した協同学習の試み―グループ・ディスカッションとプロジェクト演習による情報リテラシー教育― (2009)	2009
ドリトルによる飛行船組込みシステムのチーム開発を指向した総合的な学習 (2009)	2009
CSアンプラグドの学習法とそのユニバーサル化 (2009)	2009
教員の負担軽減を考慮した中学生対象CG作成支援システムの開発 (2009)	2009
ICTを利用した論述支援システムの設計とその学習効果 (2009)	2009
PDFドキュメント添削ツールGABAとそれを用いたオンラインレポート提出・添削環境 (2009)	2009
表計算ソフトのマクロ処理を利用した簡便な学習システム構築の検討 (2009)	2009
回路の製作を取り入れた計測・制御学習用基板の開発 (2010)	2010
eポートフォリオを活用した授業における 多段階の振り返りの学習効果の考察 (2010)	2010
e-Learning型講義における成績と学習データから考えられるドロップアウト兆候者早期発見手法の提案と検証 (2010)	2010
Rを使った情報教育 (2010)	2010
文系大学における一般情報教育 (2010)	2010
SSH校における情報セキュリティを重視した無線LAN教育の実践 (2010)	2010
アンプラグドを活用した公開鍵暗号学習プログラムの情報科教育への適用 (2010)	2010
高等学校産業科における3学年同時のドリトルによるプログラミング実習 (2010)	2010
セキュリティの指導を視野に入れた「ネットワークのしくみとプロトコル」における体験的な学習について (2010)	2010
小中高校の情報モラル教育はどのような問題・状況に対処しなければならないか (2010)	2010
大学イベントでのCSアンプラグドの利用 (2010)	2010
ICTを基盤とした高度専門職教育 (2010)	2010
インターフェーストンネリングによるシステムプログラミング学習 (2010)	2010
OSSを題材に用いた実践的情報技術教育の実施と評価 (2010)	2010
理工系情報学科の授業内容分布のシラバスによる調査（中間報告） (2010)	2010
PBLでの教育目標再考 (2010)	2010
Wiimote Positioning System （WPS）の開発と応用領域ならびに機能拡張 (2010)	2010
小学生親子セミナーいんざい科学体験・工作教室「じょうほうは　おもしろいぞー」 (2010)	2010
情報Bにおけるプログラミング実践の報告 (2010)	2010
ボール式マウスを用いた自律型ロボット用位置センサの開発の試み (2010)	2010
「情報」を中心に据える情報教育 (2010)	2010
CSアンプラグドを目指した 公開鍵暗号の授業 (2010)	2010
プロジェクト活動のための ラーニング・デザインの概念から評価まで (2010)	2010
くらしの技術 ～Living Technology の展開～ (2010)	2010
初学者を対象とした自習中心のプログラミング教育の教材開発と評価 (2010)	2010
日本語プログラミングを用いた 教育軽減による開発プロジェクトの効率化 (2010)	2010
タイピング学習手法の提案と検証 (2011)	2011
小中高連携を意識した知財教育の実践（１） (2011)	2011
FPGA評価ボードを使ったインターフェースの実験演習 (2011)	2011
地域の知識ベース充実へ向けた「ご当地検定」用作問支援システムの研究 (2011)	2011
企業連携による直観的なWebアプリケーション開発教育の実践 (2011)	2011
カリキュラム標準 J07-CS と CC2001 CS の比較に関する報告 (2011)	2011
デジタル教科書に関する大学生の意識調査と結果 (2011)	2011
農作物の成長過程と農作業のモニタリングシステムの構築 (2011)	2011
高等教育における新しい情報リテラシー (2011)	2011
CSアンプラグドを日本の小学校で行うための学習目標の学習指導要領へのマッピングの試み (2011)	2011
大震災で見えてきた情報教育の課題 (2011)	2011
マルチマウスクイズを活用した小学校の授業における評価 (2011)	2011
作問演習において理解度向上を支援する作問手順の検討 (2011)	2011
中学校におけるアルゴリズム教育のためのカリキュラム作成と授業実践 (2011)	2011
プログラミング入門教育におけるモチベーションと成績の関係 (2011)	2011
「情報Ｂ」におけるアルゴリズムの学習について (2011)	2011
PBLによる情報戦略教育の考慮点 (2011)	2011
問題の出題パターンに着目した難易度推定法に関する提案 (2011)	2011
フィジカル・アセスメントスキル習得における学習者支援へのモデリング導入の提案 (2011)	2011
日本・韓国・中国大陸・台湾の言語・文化を踏まえたコンピュータサイエンスアンプラグドの翻案・発展の検討 (2011)	2011
初等プログラミングから設計レベルまでを対象としたオブジェクト指向教育のための支援システムの提案 (2011)	2011
プログラミングをはじめて学ぶための スクリプト言語の開発と教育実践 (2011)	2011
オブジェクト指向言語におけるクラス定義の意味とオブジェクトの振舞いを理解するためのワークベンチ (2011)	2011
初学者におけるオブジェクト指向プログラミングの難しさの分析と教授の工夫 (2012)	2012
計測学習を取り入れた制御教材の改良 (2012)	2012
出題された問題に対する「面白い」「役立つ」という感じ方とユーザ属性の関連分析 (2012)	2012
ASPEN:自動データ収集機能を備えたWeb ベースプログラミング学習システム (2012)	2012
ウェブメディアリテラシー教育の提言－機能不全状態にあるウェブサイトのデザインについての批判的検討－ (2012)	2012
児童を対象とした農業体験学習支援システムの開発と評価 (2012)	2012
Web上の収集情報を利用した人間関係の可視化による 生徒指導支援システムについての研究 (2012)	2012
計算機演習室でのプログラミング授業における座席の属性と成績の関係 (2012)	2012
表情アニメーション付きプログラミング教育支援システムの開発とアンケート調査による評価 (2012)	2012
PCから独立して計測値の確認が行えるLCD搭載計測・制御基板の開発 (2012)	2012
初学者によるプログラムトレーシングにおける誤答に関する分析 (2012)	2012
タイピングにおける動作特性の解析 (2012)	2012
幼児の言語獲得に寄与するディジタル絵本の試作 (2012)	2012
ユーザ参加型学習コミュニティシステムにおける知識発信支援機能の提案 (2012)	2012
複数の大学と企業を遠隔システムで結んだ産学連携講義 (2012)	2012
コンピテンシーに基づくカリキュラムに対応したeポートフォリオシステムの開発　- 学習成果物の自動収集と学習者によるリフレクションへの対応 - (2012)	2012
高等学校における情報教育の理解度に関する研究 ―授業支援テンプレート構築に向けて― (2012)	2012
情報系高校におけるセンサを利用したプログラミング教育の実践と評価 (2012)	2012
プログラミング初学者におけるコンパイルエラー修正時間とその増減速度の分析 (2012)	2012
初中等情報教育の現状をふまえた大学における一般情報教育の課題 (2012)	2012
大学における一般情報教育の事前調査 (2012)	2012
一般情報教育委員会の活動と今後の展開 (2012)	2012
アカデミッククラウド構想 (2012)	2012
Moodle グレードブックデータに基づき学習進捗表示サイトを随時更新するプラグインの開発 (2012)	2012
大阪大学における新入生の普通教科「情報」に関する調査報告 (2012)	2012
視聴者中心のプレゼンテーションを可能にするスライド共有システムに関する研究 (2012)	2012
インターネットの副作用に対処する情報教育はどうあるべきか－思考様式と人間関係への影響を考える－ (2012)	2012
IT分野で仕事をする人のために教育すべきこと (2012)	2012
対話力を備えた科学者養成プログラムのための動画編集・視聴ツール (2012)	2012
大学生の情報環境と基礎情報能力調査 (2012)	2012
クラウド環境における次世代教育学習用端末サービスの検討 (2012)	2012
KINECTセンサーを用いた人体動作分析システムの開発 (2012)	2012
制御教材を共有するプログラミング学習環境 (2012)	2012
大学における「情報倫理」の授業への「ジレンマ」の導入 (2012)	2012
公教育における情報教育の教育目的に関する検討　ケイパビリティの開発と情報教育の役割 (2012)	2012
情報教育研究における統計的方法の利用 (2012)	2012
放射思考を用いた習熟度判定による授業改善システムの提案 (2012)	2012
eポートフォリオを活用したキャリア教育の実践に関する考察 (2012)	2012
多肢選択形式問題における誤答選択肢設定手法の検討 (2012)	2012
なぜプログラミングは難しいのか? 繰り返しの理解構造と C の教科書分析からのアプローチ (2012)	2012
16自由度人型ロボットの転倒による破損を防ぐシステムの開発 (2012)	2012
オブジェクト指向モデリング学習のためのクラス図-インスタンス図間の矛盾指摘システムの提案と評価 (2012)	2012
Programming Process Visualizer：プログラミングプロセス学習を可能にするプロセス観察ツールの提案 (2012)	2012
記述式問題の誤回答を用いた誤答選択肢自動生成システムの開発 (2013)	2013
Kinectを利用したプログラミング入力方式の検討 (2013)	2013
複数の大学と企業を遠隔システムで結び実施した産学連携によるプロジェクトマネジメント講義の評価 (2013)	2013
「ネ申Excel」問題 (2013)	2013
高等学校情報科における問題解決学習の指導法について　～品質管理手法・改善活動手法の可能性についての考察 (2013)	2013
ITプロフェッショナルの思いとビジネス期待とのギャップ (2013)	2013
2者間におけるコミュニケーションデータを利用した会話支援システムの試作 (2013)	2013
リメディアル教育のための e ラーニングシステムの開発に向けたコンテンツ提供形式の比較検討 (2013)	2013
対面授業とWeb習熟度別テストを併用した 学習支援システムの提案 －学習意欲の維持・向上を目的とした－ (2013)	2013
電子試験サーバを利用した大学1年生向け情報系数学教育の実践 (2013)	2013
児童・生徒に関する気づきの収集・共有・活用支援システムの提案 (2013)	2013
LMSとしてのGoogle Apps利用の試み (2013)	2013
数学リメディアル教育における重点指導学生抽出手法の提案と評価 (2013)	2013
Webカメラと人感センサを活用した農作業画像自動記録システムの運用 (2013)	2013
動的モデルとしての振舞いモデリングに際する初学者の誤り分析 - プログラミング未習群と既習群とによる比較 - (2013)	2013
大学生のモバイル環境とクラウドサービス利用 (2013)	2013
グループ学習における個人視点映像を用いた注目行動の自動認識に関する基礎調査 (2013)	2013
大学におけるeラーニング導入教育についての考察 (2013)	2013
大学院学生指導用eポートフォリオシステムの開発 -テンプレートからはじめるeポートフォリオ- (2013)	2013
LDAを用いた類似項目検索のための前処理法 (2013)	2013
効果的なオブジェクト指向モデリング教育のための実行可能モデリング言語の比較評価 (2013)	2013
京都大学におけるポートフォリオ情報環境戦略の開発と実装 (2013)	2013
ネットワーク分析ツールの使用体験による協調学習のメタ認知スキル獲得を目指した授業の設計 (2013)	2013
初学者向けデバッガDENOの設計とアルゴリズム構築能力育成授業への適用効果 (2013)	2013
デジタルペン筆記情報に基づく筆記の丁寧度の抽出 (2013)	2013
高校教科「情報」におけるデータベース授業のための学習支援ツールの提案と普及促進への取り組み (2013)	2013
学習ログ情報を用いたゴール指向に基づくWeb教材コンテンツ評価モデル (2013)	2013
秋田県における教科「情報」履修状況の変遷について―教科書採用データと個別調査を中心としてー (2013)	2013
DTN技術に基づいた情報通信ネットワークの仕組みを学ぶ自律型ロボット教材の開発 (2013)	2013
情報系学科のカリキュラムの比較 (2013)	2013
Java言語演習科目における対戦型ゲーム課題の設計と実践 (2013)	2013
Processing Web IDE を用いたプログラミング基礎教育の試み (2013)	2013
Processingによる高校生を対象としたプログラミング入門体験 (2013)	2013
eポートフォリオ学習における社会ネットワーク分析を用いたピア・アセスメントのためのファシリテーション方法の提案 (2013)	2013
対話型回路作成による電流・電圧・抵抗の関係学習システムの提案 (2013)	2013
児童・生徒の保護者及び社会人を対象とする情報リテラシー・情報倫理地域社会教育の実行可能性調査とその実践の試み  (2014)	2014
オープンソースによるクリッカーシステムの提案と試作 (2014)	2014
ハッキング競技 CTF を取り入れた情報セキュリティ教育の導入イベントの実践報告 (2014)	2014
識字教育としてのプログラミング (2014)	2014
数式自動採点システム STACK の行列問題における解答入力方法改善の取り組み (2014)	2014
MathML とTEXに対応した数式表示可能な教育用コミュニケーションシステムの試作 (2014)	2014
デザイン研究アプローチを用いた情報リテラシー科目開発のパイロットスタディ (2014)	2014
フィールド調査による情報の整理支援システムの提案 (2014)	2014
教職実践演習における ICT 教材作成演習の実践報告 (2014)	2014
クラウド時代における教育学習支援環境の現状と課題 (2014)	2014
高度 IT 専門職大学院の教育目標を保証するカリキュラムの設計 (2014)	2014
情報系大学生に対する自発的成長を促すキャリア教育のためのワークショップデザインの検討 (2014)	2014
「コンピュータサイエンスフィールドガイド」CSアンプラグドを活用した情報科学学習サイト (2014)	2014
四国における大学連携ｅラーニング事業の紹介 (2014)	2014
「大学情報入試全国模擬試験」の実施と評価 (2014)	2014
コンピュータサイエンス教育とゲーム開発:20 年の展開と展望 (2014)	2014
実システム開発 PBL の実践事例 (2014)	2014
ドリトル言語におけるLeap Motion 対応と教育的利用の可能性 (2014)	2014
プログラミング教育現場で利用可能な軽量オブジェクトレイアウト言語「DAST」の設計と評価 (2014)	2014
プログラミング学習のための可視化対話環境 (2014)	2014
データベース設計に特化した実習支援教材の設計と試作 (2014)	2014
簡易モーションキャプチャを取り入れた技能学習の提案 (2014)	2014
他者への伝達を観点としたフローチャート指導方法の提案 (2014)	2014
Compile Error Collection Viewer: 修正履歴分析によるコンパイルエラー学習支援システム (2014)	2014
マトリックス型テキスト編集モデルによる編集操作ログの実際と分析方針 (2014)	2014
電子教科書で利用可能な分野判定検索の提案 (2014)	2014
穴埋め問題を用いたプログラミング教育支援ツール pgtracer の運用実験 (2014)	2014
Processing上で古典的なコンソール対話型プログラミングから高度なグラフィックスプログラミングまで学習可能なフレームワーク Crowbar+Tomahawk の紹介  (2014)	2014
テキストマイニングを用いたエンジニアリングデザイン教育の振り返りの分析 (2014)	2014
AR を利用した CS アンプラグド教材の提案 (2014)	2014
無線送受信機器を用いた計測・制御教材の開発 (2014)	2014
学ぶ楽しさや成就感のある学習指導～デジタル教科書等を活用した指導方法の改善・充実～ (2014)	2014
独立同期モデルによる初学者向け協調プログラミング支援システムの開発 (2014)	2014
コンピューティングを基盤とした情報教育の再規定 (2014)	2014
クラウドコンテツの利用と学生反応 クラウドコンテツの利用と学生反応 クラウドコンテツの利用と学生反応―日経パソコン Edu － (2014)	2014
義務教育段階における設計重視型プログラミング教育の提案 (2014)	2014
Processing による高校生を対象としたプログラミング入門体験 2 (2014)	2014
問題の自動生成に活用する知識ベースの自動構築手法の提案 (2014)	2014
BlockEditor Hinoki:ビジュアル-Java相互変換技術を利用したオブジェクト指向プログラミング教育の提案 (2014)	2014
学習者特性に応じた適応型作問学習支援システムの設計・開発と教育現場での実践的利用 (2014)	2014
中学理科を対象とした実物体指向仮想化学実験システムの実装 (2014)	2014
PC内蔵カメラを用いた学習態度把握方式の検討 (2015)	2015
グループ学習における貢献度推定手法の提案 (2015)	2015
チャットを利用したグループワークの実践 (2015)	2015
クラウドをキーワードとした情報リテラシー教育の実践 (2015)	2015
適応型作問学習支援システムによる学習効果の分析 (2015)	2015
LMSへの出席情報記録および連続欠席者提示を行う出席管理アプリ (2015)	2015
カリキュラムフレームワークを用いたコンピュータサイエンス教育へのゲームデザイン授業の導入 (2015)	2015
携帯端末用ルーブリック評価ツールにおける教員機能の開発 (2015)	2015
未来の情報倫理教育 (2015)	2015
高等学校における遠隔利用可能なLMS環境の構築とその運用 (2015)	2015
大学のソーシャルネットワーキングサービス（ＳＮＳ）利用ガイドラインの教育学的考察 (2015)	2015
産学連携・就職支援を考慮したeポートフォリオの試作 (2015)	2015
オブジェクト指向言語における主要な概念を理解するためのワークベンチ (2015)	2015
母語によるプログラミング教育 (2015)	2015
情報系高校における3Dプリンタを活用したフィジカルコンピューティング教育の実践 (2015)	2015
道聴塗説と同調圧力について考えさせるコンテンツ GODOUCHO（ご道聴，ご同調） (2015)	2015
情報セキュリティ教育教材の改善検討～自由記述アンケートの分析から～ (2015)	2015
ディジタルペン筆記における学習状況把握のための削除・被削除ストロークの検出 (2015)	2015
小中学生へのLEGOロボットのプログラミング体験イベントの運営方法の検討とゲーム課題の再構成 (2015)	2015
オブジェクト指向の入門的な開発スタイルを意識させる初級Javaプログラミングのグループ演習の構想 (2015)	2015
新たなビジネス価値を生み出す専門職育成の取り組み (2015)	2015
児童・生徒の保護者および社会人を対象とする情報安全リテラシー地域社会教育の実行可能性調査とその実践 (2015)	2015
Sweetie:学生計算機上で動作する協働作業に適した軽量Webエディタ環境 (2015)	2015
ビジュアルプログラミング対応版プロセス観察システムの開発と学習効果分析 (2015)	2015
参照に重点を置いたオブジェクト指向プログラミング入門教育の工夫 (2015)	2015
プログラミング教育のための多言語間プログラミング言語翻訳システム (2015)	2015
Eclipse視覚化プラグインによる総合的なプログラミング教育支援システム (2015)	2015
ボードゲーム戦略を題材としたJavaプログラミング演習における学生の取組み状況とアンケート結果の分析 (2015)	2015
初学者の協調プログラミングにおけるインタラクションの分析 (2015)	2015
"CSアンプラグド ""オロチの食事"" の提案と試行－プロセススケジューリングを学ぶ－ (2015)"	2015
高校教科「情報」に関するアンケート調査と分析 (2015)	2015
初学者向けプログラミング教育に関する意識調査 — GUIとCUIのどちらがよいか? — (2015)	2015
ボードゲーム戦略を題材としたJava演習の大会中の提出コードの行数と勝点度による個人進捗の視覚化 (2016)	2016
PBLフィードバック・ループ形成と学習人材の多様性（専門職大学院での社会人学び直し事業からの知見） (2016)	2016
次世代農業人材育成を事例とした反転学習用教材の開発と実践 (2016)	2016
小学校でのクラブ活動における Hour of Code の実践報告 (2016)	2016
「第3回・第4回大学情報入試全国模擬試験」の実施と評価 (2016)	2016
情報系専門学校におけるアクティブラーニングを導入した発想力育成教育の取組み (2016)	2016
作文行動の測定と分析:分析サーバの構築 (2016)	2016
高等学校芸術（美術）科における映像メディア表現教育の構造化 (2016)	2016
情報科教育におけるIoT学習環境の利用方法の検討 (2016)	2016
プログラミング教育の社会的意義　－初等教育の視点から考える－ (2016)	2016
過去問題をリソースとする知識ベースを活用した問題自動生成システムの開発と評価 (2016)	2016
The Leading Member-based Learning Technology Standard in Action to Improve Learning at Higher Educational Institutions: Overview and Two Hackathons (2016)	2016
イノベーション人材育成を志向したアクティブラーニング　～高専-技術科学大学との接続を意識しながら～ (2016)	2016
教員支援型クリッカー“tap4D”の開発 (2016)	2016
プログラミング初学者を対象としたオブジェクト指向プログラミング教育システムの提案 (2016)	2016
学習習熟度を用いたPBL向け自主学習支援システムの構築 (2016)	2016
プログラム機能の自動分析機能とプログラム概念の自動評価機能を持つScratch用プログラミング学習支援システムの開発 (2016)	2016
文系情報系学部に新来日編入学した留学生への日本事情と情報分野の導入教育 (2016)	2016
ウェアラブルカメラなどを用いた次世代農業人材育成の反転学習用コンテンツの開発 (2016)	2016
ソフトウェア開発技術者教育支援システムALECSSのためのプログラム点検用スクリプトの実装と評価  (2016)	2016
特別支援教育における書字学習支援アプリケーション ｢かける君(極)｣と連携する個別指導管理支援システムの実装と評価 (2016)	2016
CGMコミュニティ育成管理モデルの提案-プログラミングに関する問題解決支援サービスteratailのケーススタディ- (2016)	2016
プライベートクラウドのデスクトップとのリモート接続を想定した情報教育におけるiPad の教授者による活用 (2016)	2016
素材を用いた編集著作物の生成による著作権学習システム (2016)	2016
人工知能とロボットの社会における情報教育の役割 (2016)	2016
コーディングメトリクスを用いたブロック言語使用による構文エラー回避効果の計測 (2016)	2016
意味に着目させる漢字学習ソフト「熟語マニア」の試作 (2016)	2016
テスト理論に基づいた項目分析支援システムの開発と評価 (2016)	2016
第6回 Learning Analytics & Knowledge Conference (LAK16) 参加報告 (2016)	2016
学生の自主的な取り組みをベースとしたICT技術習得環境の構築の試みと課題事例の紹介 (2016)	2016
論理的文章作成における文章評価と編集操作との関係分析 (2016)	2016
オンラインで複数言語を扱うことができるプログラミング授業支援環境 (2016)	2016
自宅で行うオリジナル作品制作の学習効果と問題点～オンラインプログラミング学習環境を用いて～ (2017)	2017
ピクトグラミング - 人型ピクトグラムを用いたプログラミング学習環境 - (2017)	2017
高等学校専門教科の情報関係基礎科目の目標と内容 (2017)	2017
Computational Thinkingの測定手法の探究：Bebras Challenge vs 実プログラミング (2017)	2017
オンラインプログラミング環境Bit Arrowを用いたC言語プログラミングの授業実践 (2017)	2017
プログラミングの算数数学教育での効果と検証－生徒の創作したScratchプログラム教材を授業で活かす－ (2017)	2017
大学1年次コンピュータリテラシ科目でのアセンブリ言語プログラミング体験 (2017)	2017
小学生からのプログラミング教育 (2017)	2017
「情報科」大学入学者選抜におけるCBTシステムの研究開発 (2017)	2017
小・中学生を対象にしたプログラミング学習を支援するアプリケーション開発プロジェクト (2017)	2017
DNCLのWeb上での実行環境の開発 (2017)	2017
シラバスに基づくWebページの表示手法 (2017)	2017
ラーニング・アナリティクスの動向-第7回Learning Analytics & Knowledge Conference (LAK'17)参加報告- (2017)	2017
Webブラウザを通した学習活動のまとめ支援を目的としたダッシュボードの開発研究 - IMS CaliperとOpenLRSによる実装- (2017)	2017
小学校でプログラミングを通して論理的思考を育む - 「ルビィのぼうけん」実践プロジェクト (2017)	2017
実行テスト系列を取り入れた小コンテスト形式の初級Cプログラミング演習における段階的実装を誘導する得点ルール (2017)	2017
小学校音楽科の音楽づくりの内容における，プログラミング教育導入の試み (2017)	2017
BYOD化を意識した，普通講義室授業のディジタル化への試み (2017)	2017
実践的プログラミング教育の支援環境における活動履歴を用いた活動パターン抽出の試み (2017)	2017
理解度向上と学習方略の改善を促す振り返り支援システムの提案・開発 (2017)	2017
Raspberry Piを使った情報工学科の学部学生向けの英語の授業とその改善 (2017)	2017
プログラミング教育における教室内の空気の調査 (2017)	2017
シームレス性と文脈依存性を重視した視覚化機能を持つEclipseプラグインによるプログラミング学習支援システム (2017)	2017
留学生のための情報倫理教育―異文化間の規範意識を超えて― (2017)	2017
熟練農業者の技能を伝承する教育学習支援環境の開発及び導入事例研究 (2017)	2017
Trends and Outcomes of the Innovative Physical Learning Spaces: an International Comparative Approach (2017)	2017
プログラミング学習支援環境Bit Arrowの教員支援機能の設計と試作 (2017)	2017
プログラミング教育のためのロボット教材 (2017)	2017
プログラミング能力の発達段階と要因に関する定量的分析 (2017)	2017
高等学校芸術（美術）科・映像メディア表現教育の体系的なカリキュラム構築 -ナンバリングとコースツリーを取り入れた指導計画の提案- (2017)	2017
教科内で「プログラミングで学ぶ」教材案の紹介と作成デモ (2017)	2017
工学系大学生のPCおよびスマートフォンの使用に関する3年間の調査 (2017)	2017
技能を伝承するための教育から見たチーム学習あるいはグループ学習によるアクティブ・ラーニング (2017)	2017
ジグソー学習法を取り入れた情報コンプライアンス教育の実践と効果 (2017)	2017
タブレット型CALLシステムの開発・運用 (2017)	2017
ドリトルでのデータ処理機能とグラフ描画機能の開発 (2017)	2017
Moodleコースログとピボットテーブルのデータ統合による教材閲覧履歴の可視化 (2017)	2017
Processing Web IDEにおける無限ループの検出と分析 (2017)	2017
大人数講義における情報倫理ジレンマ教材の活用法について (2017)	2017
数値データの3D立体視化の実践とeラーニングにおける活用の可能性 (2017)	2017
幼児・初等教育におけるICTを活用したキャリア教育の成果と課題 (2017)	2017
人感センサ付きWebカメラで撮影された農作業の自動判別システムの開発と評価 (2017)	2017
文字を視覚と触覚から学習するためのハイブリッド教材の提案 (2017)	2017
プログラミング穴埋め問題における穴抜きの難易度と学生の解答過程のクラスタ分析 (2018)	2018
コンピュータ適応型テストを利用した大学 1 年生のMS-Office 操作スキルの実態調査 (2018)	2018
教育現場での利用を想定した電子投票システムの開発 (2018)	2018
ゲームメカニクスとインストラクショナルデザインによるクエスト授業支援のフレームワーク (2018)	2018
作文行動の記録・分析ツールを用いた就職活動のための自己紹介書の作成支援方法の提案 (2018)	2018
初学者向けプログラミング学習のための初等アルゴリズム視覚化システム (2018)	2018
デジタル教材の多言語化に関する諸問題 (2018)	2018
WaPEN. . . DNCLのWebブラウザ上の実行環境におけるフローチャートなどの実装 (2018)	2018
一般情報教育におけるプログラミングのスキルの習得度とプログラミングの考え方の理解度の関係に関する検討 (2018)	2018
小学校音楽科の，音楽づくりの内容におけるプログラミング教育の実践〜日本の音楽に親しむ学習を通して〜 (2018)	2018
パケットキャプチャ演習が通信の仕組みの理解にもたらす効果 (2018)	2018
研究データ管理オンライン講座の開発と受講者特性の分析 (2018)	2018
プログラミン教育に対する小学校員の プログラミン教育に対する小学校員の プログラミン教育に対する小学校員の意識 (2018)	2018
プログラミング学習における構文図式を用いた構文理解支援方法の提案 (2018)	2018
オンライン版ドリトルを用いたデータ分析学習環境の開発 (2018)	2018
FF 外から失礼します．工学系大学生の考える SNS マナー (2018)	2018
情報セキュリティの導入教育を目的とした出題型ハッキング競技 CTF の試行実践における解答ログからの問題の特性分析 (2018)	2018
データ構造を可視化するAndroidアプリの作成とその実践 (2018)	2018
三重大学におけるノートパソコン必携制度（BYOD）導入の報告と分析 (2018)	2018
LMSコースの特徴づけ (2018)	2018
CAS ガイドラインに基づく小学校プログラミング教材の提案：mBot ロボットとアルゴリズム学習用ツールキットの活用 (2018)	2018
３年間に渡る Raspberry Pi を使った情報工学科の学部学生向けの英語の授業とその改善 (2018)	2018
教師業務ルール分析に基づく対話型ロボットを用いた発音練習の 実装と評価 (2018)	2018
できごと、手順、プログラムや地理の並べ替え操作の測定と分析 (2018)	2018
思考力・判断力・表現力を評価する試験問題の作成手順 (2018)	2018
Processing によるオブジェクト指向プログラミング入門教育の実践 (2018)	2018
HI 入出力機器と VR 素材を用いた操作式解答による マルチメディア学習システムと問題の試作 (2018)	2018
高校での「教えない」プログラミング教育の実践と評価 (2018)	2018
ドリトルによる「リズムの理解」を目的とした授業実践 (2018)	2018
コンピュータを使わないプログラミング及びプログラム実行環境の提案 (2018)	2018
プログラミング学習支援ツール pgtracer を自学習に活用したプログラミング科目の実践報告 (2018)	2018
プログラミング演習における構文要素の種類毎のビューによるコーディング状況把握方法の提案 (2018)	2018
Scratch で作成 した教材としてのトレインシミューター－速さの問題での算数数学授業実践例－ (2018)	2018
高校物理力学分野学習支援用RT教材の設計開発 (2018)	2018
初学者向けProcessingプログラミング環境におけるコード補完機能の導入と実践 (2018)	2018
小中学校のプログラミング教育の課題 (2018)	2018
高等学校夜間定時制での情報科授業実践報告 (2018)	2018
岡山大学におけるWebClassからMoodleへの学習管理システム移行 (2018)	2018
教員のためのプログラミング教室の実践報告 (2018)	2018
雲のむこう，LMS のはやさ (2019)	2019
双方向授業の実現に向けたリアルタイムコメントスクロールシステム (2019)	2019
Sumomo: ブロックチェーンを用いた教育用オンラインジャッジの提案 (2019)	2019
観測とUnityでつくるシミュレータから学ぶ「月の運動」プログラミング教育教材の開発 (2019)	2019
高等学校「情報 I 」の研修資料におけるプログラミングの言語の扱い (2019)	2019
天文学講演におけるアンケートの自由記述欄に対する計量テキスト分析 (2019)	2019
Puppy : ライブなコーディング入門環境 (2019)	2019
学習経済モデルに基づくブロックチェーンを利用した非集中型学習支援システムの構築 (2019)	2019
「情報科」大学入試実施のためのCBTシステムV2と試行試験 (2019)	2019
MS-Office操作スキルを測定するコンピュータ適応型テストの開発と評価 (2019)	2019
Jupyter Notebookを活用した情報教育実践 (2019)	2019
複数学科を対象としたコンピュータリテラシー教育の実践 (2019)	2019
授業での作品制作に特化した著作権教育について (2019)	2019
Ruby on Railsによるチーム開発の授業実践 (2019)	2019
4年間に渡るRaspberry Piを使った情報工学科の学部学生向けの英語の授業とその改善 (2019)	2019
Webブラウザ上のプログラミング学習環境WaPENの改良 (2019)	2019
CASガイドラインに基づく中学校・高校段階でのプログラミング教材の提案 (2019)	2019
オンラインプログラミング環境Bit ArrowにおけるPython処理系 (2019)	2019
音声UIでアクセスする学習分析システムの図表 (2019)	2019
スマホ世代の大学生を対象とした入力インタフェースの多角的な測定環境構築の提案 (2019)	2019
Diamond Mandala Matrixを用いたインストラクショナル・デザインによる多言語化された反転教材の開発実践 (2019)	2019
情報教育におけるロボット教材を活用したIoTシステム構築実習の授業実践報告 (2019)	2019
日本の音楽に親しむ学習の音楽づくりにおける，二つのプログラミング言語の活用と比較 (2019)	2019
穴埋め問題における誤答の分類を用いたプログラミング教育の改善提案 (2019)	2019
そして誰もいなくなる：学生に嫌がられる動画・音声資料 (2019)	2019
中学校技術・家庭におけるmicro:bitを活用したプログラミング教材開発 (2019)	2019
TCP/IPネットワークの理解を促進する無線パケットキャプチャ演習の開発と実践 (2019)	2019
プログラミング問題における多様な回答の可視化 (2019)	2019
パズルを利用したプログラミング思考過程の分析 (2019)	2019
入門プログラミング教育につづく科目案 (2019)	2019
"B分類でのプログラミング教育サイト(ビスケット）デモ～プログラミングと教科での経験学習""EXLIPS”の流れ～ (2019)"	2019
プログラミングの考え方を学ぶドリル教材の提案 (2019)	2019
小学生向けアンプラグド・プログラミング入門授業「ハンバーガー・ロボ」の提案と実践 (2019)	2019
情報セキュリティ演習環境サイバーレンジへのコンテナ型仮想化活用の提案 (2019)	2019
ブロックプログラミング環境を用いたプログラム入力補助機能の提案 (2019)	2019
10キープログラミング教材による地域ICTクラブの実践 (2019)	2019
情報のディジタル化の理解をめざす反転学習的アプローチの授業の設計 (2019)	2019
Scratchを用いた灯台シミュレーターでPISA型学力「数学的リテラシー」を育む (2019)	2019
文理融合系学部における履修モデル可視化システムの開発と評価 (2019)	2019
Cの学習経験を持つ高校生へのPythonの授業導入事例 (2019)	2019
情報教育におけるIoTシステム構築実習 支援用ロボット教材の開発 (2019)	2019
プログラミング教育における剰余演算子活用能力を高めるドリル型記述演習問題の導入 (2019)	2019
算数科の学習を支援する絵文字Mathema-pictoの提案と実践 (2019)	2019
複数言語に対応しやすいオンラインプログラミング学習・試験システム track (2019)	2019
デザインパターンとその基本構造を意識したプログラム視覚化システム (2019)	2019
Picthon（ピクソン）- Pictogrammingを用いたPython言語の学習環境の提案 - (2019)	2019
スマートスピーカーのアプリケーション開発を支援するプログラミング学習環境の開発 (2019)	2019
学習者経験に基づく高度ソフトウェア技術者教育プログラムの評価方法とその適用結果の評価 (2019)	2019
データサイエンス教育の題材としてのオープンデータ可視化Webアプリケーションの開発 (2019)	2019
汎用的能力評価のためのルーブリックとチェックリストの提案 (2019)	2019
人工知能が支援する遠隔協調学習システム(Intelligent edutab)の開発 (2019)	2019
各自演習時間を確保したリアルタイム配信型情報リテラシー授業の試み (2020)	2020
エンゲージメントヒートマップーMoodleログのデータマイニングによる学習傾向の可視化ー (2020)	2020
プログラム・コードの並べ替えパズルにおける正解との距離の変化 (2020)	2020
付箋紙の移動に着目したワークショップ映像分析システムの検討 (2020)	2020
track試験解答データから読み解くプログラミング言語選択の考察 (2020)	2020
学習・記憶のしくみの人間・コンピュータ間比較を通した社会科学系大学生向け情報教育実践 (2020)	2020
遠隔授業教務補佐員の実施内容と今後の遠隔授業について (2020)	2020
チャットボットと個別指導を併用した数学教育における理解困難箇所の学習支援の実践と評価 (2020)	2020
Processingによる初学者向けプログラミング教育の実践 (2020)	2020
他教科の学習を通じた 学習用プログラミングツールの開発と評価 (2020)	2020
Puppy による60分プログラミング体験コースの実践 (2020)	2020
空間認識能力を鍛えるためのタブレットアプリケーション (2020)	2020
MS-Office操作スキルを対象とした適応型学習のための AIドリル教材の開発と評価 (2020)	2020
デジタルDiamond Mandala Matrixを用いた宇宙における農業を題材とする協調学習型オンライン授業の実践例と分析 (2020)	2020
Webブラウザ上のプログラミング学習環境PyPENの改良 (2020)	2020
リアルタイム対戦型陣取りゲーム題材としたプログラミング教材の開発と教育効果 (2020)	2020
Webブラウザ上でのプログラミング問題の生成システムの開発 (2020)	2020
ログファイルとGitリポジトリを用いたRuby on Railsの初学者の躓き要因の分析 (2020)	2020
Diamond Mandala Matrix（DMM）を用いた協調学習型オンライン授業の設計と実践 (2020)	2020
マイクロマウスシミュレータを用いたプログラミング学習教材の試作 (2020)	2020
小学校低学年からを対象としたプログラミングの基本処理を身に付ける教材及びアプリの開発 (2020)	2020
学習ログとブロックチェーンによる多角的なプログラミング・スキルの証明書 (2020)	2020
小中学校の生徒と教員を対象とするオンライン・プログラミング講座 (2020)	2020
専門家による学校における ICT 活用の遠隔支援 (2020)	2020
IoTプロトタイプ開発実習のオンライン化に向けた取り組み (2020)	2020
プログラミング教育を受ける小学生を対象とした論理的思考の育成手法 (2020)	2020
コロナ禍におけるPlayfulなオンライン・ワークショップの実践 (2020)	2020
AWS EducateおよびCYDER演習教材を活用した遠隔実習の実践報告 (2020)	2020
小学校を対象としたプログラミング教育支援の報告 (2020)	2020
大学学部学生対象のオンライン授業で実施した コンピュータサイエンスアンプラグドと オンラインに対応した試験問題の工夫 (2020)	2020
計測データのクラウド保存と分析が可能なIoT学習教材の提案 (2020)	2020
オブジェクトの継承関係を利用したスマートスピーカーの応答定義 (2020)	2020
高等学校におけるデータサイエンス教育の カリキュラム開発と実践、評価基準の作成 (2020)	2020
ピクっと (2020)	2020
情報教育 金沢小版「ミライ」の取り組みについて - C分類をベースにした学びの構築 - (2020)	2020
必携パソコンの5年間 ～教員・学生アンケートの結果から (2020)	2020
オンライン演習下における自由記述感想文からの学習意欲の推論モデル (2020)	2020
遠隔授業による大学初年次教育と上級科目のグループワーク演習実践報告 (2020)	2020
オンライン形式でのコンピュータリテラシー教育における教育支援職員の役割についての一考察 (2020)	2020
武蔵野大学におけるオンライン授業を支援するヘルプデスクの取り組みと運用データに基づく評価 － BYODからオンライン授業支援への拡張 － (2020)	2020
国際協働によるオンラインASEAN研修実践 - コロナ禍における国際交流に関する学修機会の確保にむけて - (2021)	2021
Slackを用いたプログラミング学習者のつまずきの検出支援 (2021)	2021
アンケートフォーム型オンラインテストでの割り当て活用法とその改良版 (2021)	2021
遠隔講義が与えるプログラミング教育への影響の分析 (2021)	2021
プログラミングにおけるログとつまずきの相関－Slackのサポート履歴を利用した「15分ルール」の妥当性分析 (2021)	2021
抽象構文木プログラムの編集，実行，代書 (2021)	2021
カメラを用いた小学校体育授業における投げ動作の分析支援システムの提案 (2021)	2021
認知過程に考慮し，並び替えを目指す高校情報科のアルゴリズムプログラミング教育の開発と実践 (2021)	2021
言語学習を対象とした自学自習システムの研究 ～システム開発に関する研究成果～ (2021)	2021
LTEモデルのChromebookを利用した普通教室における教科「情報」の授業実践報告 (2021)	2021
情報技術系演習における学習行動履歴収集簡易化プラットフォームの提案 (2021)	2021
ソーシャルメディアでの情報受発信を考えるシミュレーター教材の開発 (2021)	2021
授業外学習における学習計画と学習状況の客観的な把握を促す振り返り支援機能の開発と評価 (2021)	2021
初年度情報リテラシー教育のオンライン授業における受講環境と疲労の調査 (2021)	2021
小学校・中学校・高等学校間の接続を考慮したプログラミングの授業の提案 (2021)	2021
大学入試センター試験「情報関係基礎」の問題分類と高等学校共通教科情報科との対応 (2021)	2021
オンライン授業に適したビデオ会議システムインターフェースの提案 (2021)	2021
Python実行サーバを必要としないオンラインプログラミング環境の開発 (2021)	2021
「ゆっくり解説」手法を用いたオンライン授業コンテンツ作成に係る考察 (2021)	2021
高等学校共通教科情報科の知識体系に関する一考察 (2021)	2021
データ構造とアルゴリズムのハイフレックス講義とその評価 (2021)	2021
DNCL2（仮称）の学習環境の実装に関する考察 (2021)	2021
コンテナ仮想化技術によるSDN演習システムの提案 (2021)	2021
FPGA を用いた論理回路設計実験を遠隔化した結果に関する報告 (2021)	2021
プログラミング教育における反転授業の実施 (2021)	2021
晴眼盲弱を区別しない，PCを使わないmicro:bitプログラミング環境の提案 (2021)	2021
デジタルDiamond Mandala Matrixを用いたオンライン授業「宇宙における農業」の実践の分析 (2021)	2021
インタビューに基づくプログラミングパズルの操作と思考過程の傾向分析 (2021)	2021
擬似コードから考える自然言語を活かしたプログラミング言語 (2021)	2021
XTetraの開発と授業実践による評価 (2021)	2021
スマートフォンの内蔵センサを用いたデータ分析教材の提案 (2021)	2021
大学入学共通テスト「情報」サンプル問題を踏まえた情報Ⅰの教科書におけるプログラミング分野の比較 (2021)	2021
Diamond Mandala Matrix (DMM）を用いた多言語協調型オンライン授業の設計と実践 (2021)	2021
英国・韓国・ニュージーランドと日本の初等中等教育におけるコンピュータサイエンス教育の導入経緯の比較調査 (2021)	2021
大学向け・企業研修向け・教員向けのAI人材指向の人工知能のカリキュラム試案 (2021)	2021
Ruby on Railsの初学者の躓き要因とデバッグ難易度に関する分析 (2021)	2021
学習意欲の予測モデル構築の経験に基づく学校教育における教育AIの利活用に向けた考察 (2021)	2021
論理回路学習における初心者向けWBTシステム (2021)	2021
オンライン授業実施状況ダッシュボード (2021)	2021
AI面接を題材としたデータサイエンス導入教育の実践報告 (2021)	2021
探索，整列アルゴリズム学習支援教材の提案と評価 (2021)	2021
SNSを対象とした都道府県警察のサイバーパトロール支援システムについて (2021)	2021
AIが学習に失敗する例を用いた教材の提案 (2023)	2023
高等学校「情報Ⅰ」における「データの活用」と連携した「情報デザイン」授業 の提案 (2023)	2023
KOGI: ChatGPTをColabに統合したプログラミング演習支援 (2023)	2023
高等学校で重回帰分析を学習できる教材の提案 (2023)	2023
データをインタラクティブに操作できるデータサイエンス教育用ウェブ補助教材の開発 (2023)	2023
大学におけるデジタルDiamond Mandala Matrixを用いた農業経済学の専門知識を題材とする概念的学習型授業の実践と考察 (2023)	2023
DNCL （ディーエヌシーエール）ー どんなコードにもエールを（DonNa Code にも L を）ー (2023)	2023
英語とプログラミング言語の学習時の生体情報の差異分析について (2023)	2023
教科書需要数に基づく高等学校情報科の教育状況調査 (2023)	2023
新聞を活用した情報活用能力育成の取り組み−高校生のホームルーム活動を通して− (2023)	2023
生成AIに難しさ等を指示するための予測正答者数分布で設問の性質を表現できる設問難度推定法 (2023)	2023
生成AI・MANDALA・ICE アプローチを取り入れた主体的な協調型学習の提案 (2023)	2023
Scratchユーザのコンピュテーショナル・シンキング習熟順序把握に向けた作品ジャンルの特徴分析 (2023)	2023
情報関係の大学入試問題の分析とプログラミングをベースとした 対策 教材の開発 (2023)	2023
韓国の2022年改正「情報科」教育課程について (2023)	2023
ミューテーション法を応用した学習者プログラムの誤り箇所特定方法の考察 (2023)	2023
総和・最大値を計算するプログラム作成問題の足場かけとしてのParsonsパズル問題の作成と評価 (2023)	2023
大学入学共通テスト「情報Ⅰ」における「データの活用」の分野に則した授業の検討 (2023)	2023
地方自治体の青少年に向けたネットトラブル相談事業における生成系AI 利用時の課題の分析 (2023)	2023
情報Ⅰにおいて生徒が選択するプログラミング言語に影響している可能性がある項目に関する調査 (2023)	2023
公務員試験対策のための対話型生成AI の活用 (2023)	2023
円グラフと帯グラフの量的把握の比較検討 (2023)	2023
グループディスカッション不参加者に対するチャットボット教材の有効性 (2023)	2023
学生と共に教室を進化し続ける構築プロセスの実践と評価 (2023)	2023
一般情報教育のプログラミングの授業におけるキーボード入力スキルと成績の関係 (2023)	2023
プログラミングコースにおける評価の可能性診断のためのブロックベースのテキストプログラミング環境の必要性 (2023)	2023
IoTプログラミング実験に特化した統合開発環境の設計と実装 (2023)	2023
PC活動演習での有効活用を想定したWebベースの画面キャプチャツールの改善 (2023)	2023
スプレッドシートから自動生成されるプログラミング学習サイトの提案 (2023)	2023
学習者による書き出しを支援するSlackBotの開発と運用 (2023)	2023
ローマ字を段階的に練習できるキー入力練習システムの開発 (2023)	2023
初学者を対象としたTCP/IPの仕組みと重要性を体験的に学ぶシミュレータ教材の開発 (2023)	2023
対話AIの適切な活用法を学ぶための問題解決型の実習教材の提案～異文化レシピを教材として～ (2023)	2023
対話型生成AI を活用したTOEIC 試験対策の一手法 (2023)	2023
生成系AIのもとで文系学生にAIに関して教える実践 (2023)	2023
対話型生成AI を解答者とする作問学習による生徒の知識の活用力向上の試み (2023)	2023
フォールス・コンセンサスが一般情報教育の教育効果に及ぼす影響 (2023)	2023
工学系大学生のPCスキルに対する意識調査 (2023)	2023
情報科の入試問題に関する一考察 (2023)	2023
初学者向けC言語練習サイトの開発 (2023)	2023
前向きアプローチを志向したコンピュータ・サイエンス授業のデザイン活動 (2023)	2023
プログラミング学習における理解状況に応じた対話式誤り修正支援システムの提案 (2024)	2024
小学校初年次の学習における ビスケットプログラミングの活用 (2024)	2024
大学入試を中心とした情報分野の学力評価手法の検討 〜EMIU 情報模試 2024 夏の実施とその結果〜 (2024)	2024
生成 AI によるプログラミング教育のパラダイム転換と教育支援ツールに関する研究構想 (2024)	2024
ピクトグラム共有・評価システム「ピクトグラミーティング」の開発と評価 (2024)	2024
プログラミング言語ビスケットを用いた幼稚園児のプログラミングの操作の分析 (2024)	2024
情報Ⅰにおける生徒の主体的な学びを育むプログラミング教育の新しい枠組み (2024)	2024
テキスト型言語を使ったプログラミング教育の授業における 小学生が感じた楽しさと難しさの分析 (2024)	2024
非情報専攻学生の情報リテラシー科目における問題解決の計算機モデル構築による学習の予備的検討 (2024)	2024
小学生向けSTEAM教育のためのタンジブル環境とバーチャル環境のハイブリッドな創作・プログラミング学習環境のデザイン (2024)	2024
個人情報保護と学習データ分析を両立する合意形成モデルの構築に向けた実証実験の準備 (2024)	2024
未来を創る歴史教育としての情報教育：AI との共生を考える「歴史総合」の授業実践 (2024)	2024
対話型生成系AIを活用した作問学習支援手法の提案と高校生への実験的適用 (2024)	2024
拡張現実を用いて測定値をもとにモデル化する物理教材の開発と授業実践 －電位の概念の理解を促すモデルを例として－ (2024)	2024
TCP/IPの仕組みを体験的に学ぶシミュレータ教材を活用した授業の提案 (2024)	2024
学習者の主観的な理解状況を考慮した苦手箇所把握支援手法の提案と評価 (2024)	2024
大学入学共通テスト「情報Ⅰ」における 「プログラミング」の分野に則した授業の検討 (2024)	2024
情報Ⅰ「データの活用」における複数校による授業実践に基づいた評価基準の提案 (2024)	2024
外国語大学のデジタルリテラシーの科目としてのAI実習～ブロック型言語ツール Neural Network Consoleの利用～ (2024)	2024
Path Contextを用いたプログラム部分点の算出方式とその評価 (2024)	2024
間主観的な評価における適応型自己評価に関する研究のグランドデザイン (2024)	2024
高校と高専の連携によるアクティブラーニングを取り入れた情報セキュリティ教育 (2024)	2024
過去・現在・未来の「学び」の関連性可視化手法の提案と試作 (2024)	2024
大学進学率に着目した情報科の開講率に関する一考察 (2024)	2024
グループ発表を対象とした学生相互評価の妥当性に影響する要因の分析 (2024)	2024
文書ファイルを対象にした授業課題における事前確認システムの開発 (2024)	2024
AR教材とVR教材, 映像教材の比較検討 - 高等学校数学A空間図形を例として - (2024)	2024
AIの学びに対する興味を喚起するための副教材を用いた授業実践 (2024)	2024
1990年代の大学情報入試の動きについて (2024)	2024
スライド生成AIを用いた講義資料作成支援システムの提案 (2024)	2024
大学の一般情報処理教育におけるAIに関する教育実践 (2024)	2024
生成系AIを利用した小学生向けの個別学習支援システムの検討と実装 (2024)	2024
SSSの歴史‐初回SSS99の開催から25 年 (2024)	2024
生成系AIを活用した対話型学習支援システムの開発 (2024)	2024
Pythonプログラミング教育のための視覚化システム (2024)	2024
デジタル Diamond Mandala Matrix を取り入れた学生の深いアプローチを促す授業のデザインと実践 (2024)	2024
ICEモデルに基づき設計した大学での反転授業におけるdigital Mandalaを用いた実践と分析 (2024)	2024
情報系学部・学科を目指す入学希望者のための進路選択支援システムの設計~アドミッションポリシー分析結果の利活用~ (2024)	2024
ダンスを取り入れたプログラミング学習支援システムの提案 (2024)	2024
パズルを用いた高校生向けの量子人材育成教材の提案 (2024)	2024
ポインタ移動やクリックなどの複数の操作に対応したマウス練習システムの開発 (2024)	2024
LLMを用いた誤答へのフィードバック自動生成手法の検討 (2024)	2024
反転型プログラミング演習でどのように動画教材が使われているのか？：動画活用状況と視聴スタイル分析の試み (2024)	2024
大学生における「データ分析」のイメージ―テキストマイニングを用いた分析― (2024)	2024
AI技術を用いた模擬授業振り返り支援システムの検討 (2024)	2024
情報Ⅰの模擬反転授業の事前学習におけるLAに向けた学習データの集計事例 (2024)	2024
大学初年次生のAI不安とデータサイエンス教育への影響 (2024)	2024
プログラミング教育での生産的失敗を実現する生成AI活用の検討 (2024)	2024
eラーニングの成功へ影響を与える要因に関するネットワーク分析 (2024)	2024
作問学習で作成された問題の診断・評価およびフィードバックに対する対話型生成 AI の活用 (2024)	2024
対話的な操作で決定木の生成を支援する教材ツールの提案 (2024)	2024
生成AIを用いたDXリテラシー標準準拠スキルサーベイの構築と検証 (2024)	2024
なぜ学生のメールはあんなに丁寧なのか？ (2024)	2024
小中学校プログラミング教育のデータ分析を行うShinyアプリケーション (2024)	2024
LED を活用したオブジェクト指向プログラミング教育の提案 (2024)	2024
授業動画におけるカオアリとカオナシの比較〜コロナ後の学生を対象に〜 (2024)	2024
情報プレースメントテストのための生成 AI による情報科全教科書用語リストを用いた設問作成の試み (2024)	2024
全国高等学校情報科調査に基づく生成AIへの期待・懸念と導入意向の教員と生徒の比較 (2025)	2025
高校生年代における生成 AI を利用する人とそうでない人のモチベーションの違いについての分析 (2025)	2025
ペアピクトグラミングの提案 (2025)	2025
オンラインでのリカレント・リスキリング研修における効果的な教育評価手法の検討 (2025)	2025
創造的思考を育む教育情報デザイン：「ゲーム 35」の導入と効果の検証 (2025)	2025
過去の自分と戦うタイピングゲームによるプログラミング学習の基礎的支援 (2025)	2025
コンピュータサイエンス教育発，ゲーム開発者人材育成経由，ダイバーシティ行き (2025)	2025
LiDAR による人流計測を用いたグループ演習支援手法の提案 (2025)	2025
クリティカルシンキングを活用したフィッシング対策教材の開発 (2025)	2025
過去・現在・未来の「学び」の関連性可視化システムの開発と評価 (2025)	2025
映像フィードバックと生成 AI を活用した野球打撃支援プラットフォームの提案 (2025)	2025
2026 年度版「情報Ⅰ」の索引用語の調査 ―2022 年度版からの変化― (2025)	2025
プログラムの動作理解を支援するVRコンテンツの開発 (2025)	2025
プログラミング同型問題への取り組みにおける学生の学習行動の分析 (2025)	2025
「情報 I」実施前後の社会的言説の傾向と大学新入生の意識の変化 (2025)	2025
RAGを用いた情報関連科目の類似問題自動生成システムの開発 (2025)	2025
高等学校教育における探索的データ分析教材の開発 ?WebAPI を活用したデータ収集による教材設計? (2025)	2025
生成 AI は批判的思考力を育成するディベート相手となり得るのか (2025)	2025
スマホでレポート書くのはどんな感じ？ (2025)	2025
Moodle のデータ可視化を容易にするプラグイン開発の検討 (2025)	2025
大学生の学びにおける生成AI利活用実態の類型化と自己効力感の二面性 ー 質・量2軸モデルによる分析 ー (2025)	2025
プログラミング学習における理解状況把握のための変数値確認問題の提案 (2025)	2025
ICEモデルに基づき設計した大学での反転授業のDigital Mandalaによる実践と転移把握のためのBERTのファインチューニング (2025)	2025
ペアプログラミングにおける課題達成度に注目した「つまずき」解決過程の分析 (2025)	2025
「愛想が良い」とは： 人と AI の面接場面における行動指標の比較検討 (2025)	2025
人と AI の協働による地域銘菓リブランディング：岡山県笠岡市「かぶとがにまんじゅう」の商品開発とパッケージデザイン (2025)	2025
学習者主体の学びとICT活用が算数・数学の学力に与える影響： 小中学校における学力調査と質問紙調査の分析 (2025)	2025
生成 AI を活用した大学入試プログラミング問題の要素・構造と難易度の分析の試み (2025)	2025
Prompts First で始めたプログラミング教育の再構築 (2025)	2025
情報 I の教科書における 「情報デザイン」の記載内容の比較調査 (2025)	2025
PyPEN のカスタマイズ (2025)	2025
大規模言語モデルを用いたリモート会議フィードバックシステムの開発 (2025)	2025
一般情報教育に関する全国大学調査の結果概要 (2025)	2025
ルーブリック作成支援システムの開発 (2025)	2025
大学初年次生における情報分野の習熟度に関する調査 (2025)	2025
学生の AI 不安記述に現れる倫理的懸念の構造分析 (2025)	2025
大学教育における生成 AI と倫理的ジレンマ ―トロッコ問題を題材とした授業実践の検証― (2025)	2025
VR プラットフォームのリスク対策機能：教育利用における考察 (2025)	2025
ProtoSimの評価・改善を通じたインタラクティブ学習環境で自己学習を促す要素の分析 (2025)	2025
論理回路の設計を体験できるブラウザ学習教材の開発と実践 (2025)	2025
Vision Language Modelを用いたプログラミング課題の自動採点システムの設計と予備的評価 (2025)	2025
大学授業における生成 AI を活用した共創学習 (2025)	2025
心理測定尺度の結果を自動配信するシステムによる授業改善 (2025)	2025
作問学習における対話型生成 AI による自動診断の妥当性の検証 (2025)	2025
大人数授業における生成 AI を用いたリアルタイム意見把握支援システムの試作と評価 (2025)	2025
ハイパーピクトグラミング - ピクトグラムの作成を題材にしたWebページ作成技法の学習環境 - (2025)	2025
ChatGPTを利用したプログラミング教育における学習者とAIのインタラクション分析の試み (2025)	2025
生成 AI を用いた数学問題解法の限界 ～どんな問題が苦手か～ (2025)	2025
教員のキーボード操作開示が学習者に与える影響の基礎検討 (2025)	2025
インタラクティブウェブ教材におけるWebSocketを利用した簡易ランキング表示機能の実現 (2025)	2025
遠隔地とのリアルな対話を実現するための教室接続システムの検討 (2025)	2025
「じゃない方」のAI倫理：教育におけるAI活用のリスク・懸念を普遍的な倫理で考える (2025)	2025
メッセージとテクノロジー： 大学生を対象とした生成AI利用可能な作品コンテスト (2025)	2025
